{"data":{"nodes":{"_subscribers":{"*":[],"add":[{}],"remove":[{}],"update":[{}]},"_options":{},"_data":{"1":{"id":1,"label":"1"},"2":{"id":2,"label":"2"},"3":{"id":3,"label":"3"},"4":{"id":4,"label":"4"},"5":{"id":5,"label":"5"},"6":{"id":6,"x":-112.86181485337853,"y":-217.88364528587164,"label":""},"7":{"id":7,"x":75.19809298072285,"y":-242.54723975591773,"label":""},"8":{"id":8,"x":252.9815031189717,"y":-82.2338757006182,"label":""}},"length":8,"_idProp":"id","_type":{}},"edges":{"_subscribers":{"*":[],"add":[{}],"remove":[{}],"update":[{}]},"_options":{},"_data":{"0":{"id":0,"from":1,"to":2,"color":{},"label":"1.20"},"1":{"id":1,"from":1,"to":5,"color":{},"label":"0.10"},"2":{"id":2,"from":2,"to":5,"color":{},"label":"2.30"},"3":{"id":3,"from":3,"to":4,"color":{},"label":"0.30"},"4":{"id":4,"from":3,"to":5,"color":{},"label":"-8.40"},"5":{"id":5,"from":4,"to":5,"color":{},"label":"4.60"},"7":{"from":6,"to":2,"label":"1","id":7,"color":{}},"8":{"from":6,"to":7,"label":"1","id":8,"color":{}},"9":{"from":7,"to":8,"label":"1","id":9,"color":{}},"10":{"from":8,"to":3,"label":"1","id":10,"color":{}},"11":{"from":7,"to":5,"label":"1","id":11,"color":{}},"12":{"from":6,"to":5,"label":"1","id":12,"color":{}},"13":{"from":8,"to":5,"label":"1","id":13,"color":{}}},"length":13,"_idProp":"id","_type":{}}},"options":{"locale":"pt-br","manipulation":{"enabled":false},"edges":{"font":{"color":"#ffffff","strokeWidth":0,"size":18}},"nodes":{"color":{"border":"#698B69","background":"#458B74","highlight":{"border":"#698B69","background":"#4f6e4f"}},"font":{"color":"white"}},"physics":{"enabled":true,"forceAtlas2Based":{"gravitationalConstant":-50,"centralGravity":0.01,"springConstant":0.02,"springLength":100,"damping":0.4,"avoidOverlap":0},"maxVelocity":50,"minVelocity":0.1,"solver":"forceAtlas2Based","stabilization":{"enabled":true,"iterations":1000,"updateInterval":100,"onlyDynamicEdges":false,"fit":true},"timestep":0.5,"adaptiveTimestep":true}},"ponderado":true,"ordenado":false}