{"data":{"nodes":{"_subscribers":{"*":[],"add":[{}],"remove":[{}],"update":[{}]},"_options":{},"_data":{"1":{"id":1,"label":""},"2":{"id":2,"label":""},"3":{"id":3,"label":""},"4":{"id":4,"label":""},"5":{"id":5,"label":""},"7":{"id":7,"x":356.9860723742907,"y":-138.0535579466433,"label":""},"8":{"id":8,"x":365.45393531244747,"y":-29.84778684524898,"label":""},"9":{"id":9,"x":473.7283378762139,"y":-60.49148568405081,"label":""},"10":{"id":10,"x":406.54179389309786,"y":119.14431341105386,"label":""},"11":{"id":11,"x":-3.8401203420121335,"y":-35.14249321953735,"label":""},"12":{"id":12,"x":-272.53006930413017,"y":-110.71154136513306,"label":""},"13":{"id":13,"x":449.2725967362795,"y":-26.55949665790197,"label":""},"14":{"id":14,"x":449.2725967362795,"y":59.34374288079132,"label":""},"15":{"id":15,"x":420.6381835567151,"y":-30.650127112125457,"label":""},"16":{"id":16,"x":457.4538576447265,"y":-112.46273619659526,"label":""},"17":{"id":17,"x":469.7257490073969,"y":-108.37210574237176,"label":""}},"length":16,"_idProp":"id","_type":{}},"edges":{"_subscribers":{"*":[],"add":[{}],"remove":[{}],"update":[{}]},"_options":{},"_data":{"1":{"from":1,"to":3,"id":1,"color":{}},"2":{"from":1,"to":2,"id":2,"color":{}},"3":{"from":2,"to":4,"id":3,"color":{}},"4":{"from":2,"to":5,"id":4,"color":{}},"6":{"from":8,"to":11,"label":" ","id":6,"color":{}},"7":{"from":11,"to":9,"label":" ","id":7,"color":{}},"8":{"from":12,"to":10,"label":" ","id":8,"color":{}},"9":{"from":3,"to":5,"label":" ","id":9,"color":{}},"10":{"from":10,"to":7,"label":" ","id":10,"color":{}},"11":{"from":12,"to":7,"label":" ","id":11,"color":{}},"12":{"from":16,"to":7,"label":" ","id":12,"color":{}},"13":{"from":17,"to":13,"label":" ","id":13,"color":{}},"14":{"from":13,"to":14,"label":" ","id":14,"color":{}},"15":{"from":14,"to":15,"label":" ","id":15,"color":{}}},"length":14,"_idProp":"id","_type":{}}},"options":{"locale":"pt-br","manipulation":{"enabled":false},"edges":{"font":{"color":"#ffffff","strokeWidth":0,"size":18}},"nodes":{"color":{"border":"#698B69","background":"#458B74","highlight":{"border":"#698B69","background":"#4f6e4f"}},"font":{"color":"white"}},"physics":{"enabled":true,"forceAtlas2Based":{"gravitationalConstant":-50,"centralGravity":0.01,"springConstant":0.02,"springLength":100,"damping":0.4,"avoidOverlap":0},"maxVelocity":50,"minVelocity":0.1,"solver":"forceAtlas2Based","stabilization":{"enabled":true,"iterations":1000,"updateInterval":100,"onlyDynamicEdges":false,"fit":true},"timestep":0.5,"adaptiveTimestep":true}},"ponderado":false,"ordenado":false}